{
  "project_info": {
    "project_number": "912698730328",
    "project_id": "myinventory-19c86",
    "storage_bucket": "myinventory-19c86.appspot.com"
  },
  "client": [
    {
      "client_info": {
        "mobilesdk_app_id": "1:912698730328:android:1ef85e5aa11d1513efa72d",
        "android_client_info": {
          "package_name": "com.vsnow.myinventory"
        }
      },
      "oauth_client": [],
      "api_key": [
        {
          "current_key": "AIzaSyAgNhhYxkXUG2FNIqjGTHaH7cjdTe1FlEg"
        }
      ],
      "services": {
        "appinvite_service": {
          "other_platform_oauth_client": []
        }
      }
    }
  ],
  "configuration_version": "1"
}